https://cdn-pro-web-220-151.cdn-nhncommerce.com/nutri2tr3071_godomall_com/data/goods/16/08/03/1000001405/1000001405_main_072.jpg,솔가 루테인 40mg 30 소프트젤 3병세트,"73,500"
https://cdn-pro-web-220-151.cdn-nhncommerce.com/nutri2tr3071_godomall_com/data/goods/16/02/16/1000001077/1000001077_main_076.jpg,솔가 오메가3 EPA DHA 950mg 100소프트젤 3병 세트,"116,400"
https://cdn-pro-web-220-151.cdn-nhncommerce.com/nutri2tr3071_godomall_com/data/goods/14/06/20/1000000176/1000000176_main_010.jpg,솔가 오메가3 EPA DHA 950mg 100소프트젤,"38,800"
https://cdn-pro-web-220-151.cdn-nhncommerce.com/nutri2tr3071_godomall_com/data/goods/15/06/10/1000000538/1000000538_main_085.jpg,솔가 루테인 40mg 30 소프트젤,"24,500"
https://cdn-pro-web-220-151.cdn-nhncommerce.com/nutri2tr3071_godomall_com/data/goods/13/10/29/1000000062/1000000062_main_034.jpg,네이처스웨이 징크골드 아이즈 빌베리 60정,"39,600"
https://cdn-pro-web-220-151.cdn-nhncommerce.com/nutri2tr3071_godomall_com/data/goods/13/10/25/1000000034/1000000034_main_016.jpg,노르딕내추럴스 얼티메이트 오메가3 레몬향 60소프트젤,"31,600"
https://cdn-pro-web-220-151.cdn-nhncommerce.com/nutri2tr3071_godomall_com/data/goods/15/09/17/1000000965/1000000965_main_010.jpg,노르딕내추럴스 오메가3 레몬향 180 소프트젤,"45,000"
https://cdn-pro-web-220-151.cdn-nhncommerce.com/nutri2tr3071_godomall_com/data/goods/15/09/08/1000000867/1000000867_main_091.jpg,솔가 EFA 1300mg 오메가 3 6 9 120소프트젤,"36,800"
https://cdn-pro-web-220-151.cdn-nhncommerce.com/nutri2tr3071_godomall_com/data/goods/15/07/06/1000000755/1000000755_main_041.jpg,나우푸드 루테인 20mg 90캡슐,"24,800"
https://cdn-pro-web-220-151.cdn-nhncommerce.com/nutri2tr3071_godomall_com/data/goods/14/06/20/1000000175/1000000175_main_01.jpg,솔가 오메가3 피쉬오일 콘센트레이트 240소프트젤,"20,070"
https://cdn-pro-web-220-151.cdn-nhncommerce.com/nutri2tr3071_godomall_com/data/goods/15/09/17/1000000969/1000000969_main_099.jpg,노르딕내추럴스 얼티메이트 오메가 코큐텐 60 소프트젤,"39,800"
https://cdn-pro-web-220-151.cdn-nhncommerce.com/nutri2tr3071_godomall_com/data/goods/18/10/44/1000002060/1000002060_main_03.jpg,노르딕내추럴스 얼티메이트 오메가 2X 레몬향 2150mg 120 소프트젤,"93,200"
https://cdn-pro-web-220-151.cdn-nhncommerce.com/nutri2tr3071_godomall_com/data/goods/16/04/26/1000001159/1000001159_main_054.jpg,자로우 루테인 20mg 60소프트젤,"16,740"
https://cdn-pro-web-220-151.cdn-nhncommerce.com/nutri2tr3071_godomall_com/data/goods/18/10/44/1000002059/1000002059_main_067.jpg,노르딕내추럴스 얼티메이트 오메가 2X 딸기향 1120mg 60 미니 소프트젤,"38,200"
https://cdn-pro-web-220-151.cdn-nhncommerce.com/nutri2tr3071_godomall_com/data/goods/15/09/17/1000000968/1000000968_main_049.jpg,노르딕내추럴스 얼티메이트 오메가 D3 레몬향 60 소프트젤,"30,000"
https://cdn-pro-web-220-151.cdn-nhncommerce.com/nutri2tr3071_godomall_com/data/goods/15/09/17/1000000964/1000000964_main_027.jpg,노르딕내추럴스 오메가3 레몬향 120 소프트젤,"31,000"
https://cdn-pro-web-220-151.cdn-nhncommerce.com/nutri2tr3071_godomall_com/data/goods/21/04/17/1000002840/1000002840_main_091.jpg,나우푸드 루테인 지아잔틴 60소프트젤,"24,800"
https://cdn-pro-web-220-151.cdn-nhncommerce.com/nutri2tr3071_godomall_com/data/goods/17/02/01/1000001629/1000001629_main_043.jpg,뉴트렉스 하와이안 아스타잔틴 12mg 75식물성소프트젤,"64,500"
https://cdn-pro-web-220-151.cdn-nhncommerce.com/nutri2tr3071_godomall_com/data/goods/19/07/28//1000002162/1000002162_main_0100.jpg,노르딕내추럴스 오메가 비전 1460mg 60소프트젤,"49,500"
https://cdn-pro-web-220-151.cdn-nhncommerce.com/nutri2tr3071_godomall_com/data/goods/15/06/01/1000000424/1000000424_main_046.jpg,컨트리라이프 루테인 20mg 60소프트겔,"29,900"
https://cdn-pro-web-220-151.cdn-nhncommerce.com/nutri2tr3071_godomall_com/data/goods/15/06/01/1000000423/1000000423_main_096.jpg,"컨트리라이프 오메가3 피쉬오일 1,000mg 100소프트겔","17,500"
https://cdn-pro-web-220-151.cdn-nhncommerce.com/nutri2tr3071_godomall_com/data/goods/15/06/09/1000000495/1000000495_main_098.jpg,솔가 아스타잔틴 5mg 60 소프트젤,"33,900"
https://cdn-pro-web-220-151.cdn-nhncommerce.com/nutri2tr3071_godomall_com/data/goods/19/02/08//1000002144/1000002144_main_035.jpg,솔가 루테인 20mg 60 소프트젤,"29,500"
https://cdn-pro-web-220-151.cdn-nhncommerce.com/nutri2tr3071_godomall_com/data/goods/15/06/24/1000000643/1000000643_main_063.jpg,노르딕내추럴스 얼티메이트 오메가-D3 스포츠 60소프트젤,"38,900"
