네이처스웨이 얼라이브 여성 멀티비타민 90정,"31,800",https://cdn-pro-web-220-151.cdn-nhncommerce.com/nutri2tr3071_godomall_com/data/goods/15/01/22/1000000305/1000000305_main_075.jpg
닥터스베스트 멀티비타민 90베지 캡슐,"36,500",https://cdn-pro-web-220-151.cdn-nhncommerce.com/nutri2tr3071_godomall_com/data/goods/21/04/14/1000002812/1000002812_main_092.jpg
"블루보넷 뷰티풀 앨리 비오틴 10,000mcg 90캡슐","18,300",https://cdn-pro-web-220-151.cdn-nhncommerce.com/nutri2tr3071_godomall_com/data/goods/18/06/26/1000001957/1000001957_main_081.jpg
나우푸드 맥주효모 650mg 200정,"12,400",https://cdn-pro-web-220-151.cdn-nhncommerce.com/nutri2tr3071_godomall_com/data/goods/19/02/08//1000002138/1000002138_main_02.jpg
[유통기한임박상품] 레인보우라이트 우먼즈 원 멀티비타민 120정,"26,460",https://cdn-pro-web-220-151.cdn-nhncommerce.com/nutri2tr3071_godomall_com/data/goods/19/07/27//1000002157/1000002157_main_01.jpg
네이처스웨이 비타민 C 1000 위드 로즈힙 250캡슐,"33,200",https://cdn-pro-web-220-151.cdn-nhncommerce.com/nutri2tr3071_godomall_com/data/goods/15/02/10/1000000340/1000000340_main_023.jpg
메가푸드 우먼스 원 데일리 90정,"49,700",https://cdn-pro-web-220-151.cdn-nhncommerce.com/nutri2tr3071_godomall_com/data/goods/14/03/27/1000000145/1000000145_main_063.jpg
가든오브라이프 비타민코드 철분 30식물성캡슐,"25,000",https://cdn-pro-web-220-151.cdn-nhncommerce.com/nutri2tr3071_godomall_com/data/goods/15/06/15/1000000584/1000000584_main_073.jpg
컨트리라이프 맥시C 컴플렉스 1000mg 180정,"29,900",https://cdn-pro-web-220-151.cdn-nhncommerce.com/nutri2tr3071_godomall_com/data/goods/15/06/02/1000000432/1000000432_main_095.jpg
솔가 비타민 C 1000mg 위드 로즈힙 100정,"14,300",https://cdn-pro-web-220-151.cdn-nhncommerce.com/nutri2tr3071_godomall_com/data/goods/14/06/20/1000000184/1000000184_main_022.jpg
네이처스웨이 얼라이브 멀티비타민 여성 + 남성 90정 세트,"55,000",https://cdn-pro-web-220-151.cdn-nhncommerce.com/nutri2tr3071_godomall_com/data/goods/19/12/52/1000002186/1000002186_main_080.jpg
레인보우라이트 우먼즈+맨즈 원 멀티비타민 120정,"58,200",https://cdn-pro-web-220-151.cdn-nhncommerce.com/nutri2tr3071_godomall_com/data/goods/20/11/46/1000002731/1000002731_main_072.jpg
솔가 어드밴스드 멀티빌리언 도필러스 60 식물캡슐,"24,800",https://cdn-pro-web-220-151.cdn-nhncommerce.com/nutri2tr3071_godomall_com/data/goods/14/06/20/1000000174/1000000174_main_047.jpg
자로우 도필러스 EPS 100억 프로바이오틱스 120캡슐,"38,600",https://cdn-pro-web-220-151.cdn-nhncommerce.com/nutri2tr3071_godomall_com/data/goods/18/11/45//1000002066/1000002066_main_066.jpg
자로우 도필러스 EPS 250억 프로바이오틱스 30캡슐,"33,200",https://cdn-pro-web-220-151.cdn-nhncommerce.com/nutri2tr3071_godomall_com/data/goods/14/09/19/1000000223/1000000223_main_020.jpg
자로우 펨 도필러스 60 캡슐 상온보관용,"31,200",https://cdn-pro-web-220-151.cdn-nhncommerce.com/nutri2tr3071_godomall_com/data/goods/16/10/19/1000001552/1000001552_main_0100.jpg
가든오브라이프 프라이멀 디펜스 울트라 프로바이오틱스 90캡슐,"68,500",https://cdn-pro-web-220-151.cdn-nhncommerce.com/nutri2tr3071_godomall_com/data/goods/14/03/27/1000000111/1000000111_main_01.jpg
가든오브라이프 원스데일리 여성 500억 프로바이오틱스 30식물성캡슐,"38,200",https://cdn-pro-web-220-151.cdn-nhncommerce.com/nutri2tr3071_godomall_com/data/goods/19/07/28//1000002160/1000002160_main_097.jpg
네이처스웨이 프리마도필러스 루테리 파우더 5oz (141.75g),"24,200",https://cdn-pro-web-220-151.cdn-nhncommerce.com/nutri2tr3071_godomall_com/data/goods/14/11/25/1000000263/1000000263_main_090.jpg
자로우 펨 도필러스 60 캡슐 상온보관용 3병 세트,"93,600",https://cdn-pro-web-220-151.cdn-nhncommerce.com/nutri2tr3071_godomall_com/data/goods/18/01/04/1000001897/1000001897_main_031.jpg
나우푸드 유산균 250억 50캡슐,"35,300",https://cdn-pro-web-220-151.cdn-nhncommerce.com/nutri2tr3071_godomall_com/data/goods/24/02/06/1000003023/1000003023_main_059.jpg
네오셀 콜라겐 플러스 비타민C 비오틴 1&3 180정,"22,800",https://cdn-pro-web-220-151.cdn-nhncommerce.com/nutri2tr3071_godomall_com/data/goods/15/04/07/1000000353/1000000353_main_049.jpg
"나트롤 비오틴 10,000mcg 최대강도 100정","19,500",https://cdn-pro-web-220-151.cdn-nhncommerce.com/nutri2tr3071_godomall_com/data/goods/14/10/14/1000000247/1000000247_main_022.png
뉴트렉스 퓨어 하와이안 스피루리나 500mg 400정,"37,800",https://cdn-pro-web-220-151.cdn-nhncommerce.com/nutri2tr3071_godomall_com/data/goods/14/06/12/1000000164/1000000164_main_013.jpg
네오셀 히알루론산 100mg 60캡슐,"30,000",https://cdn-pro-web-220-151.cdn-nhncommerce.com/nutri2tr3071_godomall_com/data/goods/15/04/07/1000000356/1000000356_main_028.jpg
솔가 스킨 네일 헤어 어드밴스드 MSM 120정,"31,800",https://cdn-pro-web-220-151.cdn-nhncommerce.com/nutri2tr3071_godomall_com/data/goods/15/02/09/1000000336/1000000336_main_090.jpg
블루보넷 뷰티풀 앨리 히알루론산 100mg 90소프트젤,"23,800",https://cdn-pro-web-220-151.cdn-nhncommerce.com/nutri2tr3071_godomall_com/data/goods/18/06/26/1000001956/1000001956_main_034.jpg
솔가 비오틴 1000mcg 100 식물성캡슐,"13,800",https://cdn-pro-web-220-151.cdn-nhncommerce.com/nutri2tr3071_godomall_com/data/goods/15/06/09/1000000502/1000000502_main_061.jpg
솔가 맥주효모+비오틴 5000mcg,"39,600",https://cdn-pro-web-220-151.cdn-nhncommerce.com/nutri2tr3071_godomall_com/data/goods/20/07/31/1000002207/1000002207_main_028.jpg
"블루보넷 뷰티풀 앨리 비오틴 10,000mcg 90캡슐","18,300",https://cdn-pro-web-220-151.cdn-nhncommerce.com/nutri2tr3071_godomall_com/data/goods/18/06/26/1000001957/1000001957_main_081.jpg
네이처스웨이 비오틴 1000mcg 100로젠,"11,500",https://cdn-pro-web-220-151.cdn-nhncommerce.com/nutri2tr3071_godomall_com/data/goods/14/03/27/1000000129/1000000129_main_074.jpg
네이처스웨이 얼라이브 원스 데일리 여성 멀티비타민 60정,"24,800",https://cdn-pro-web-220-151.cdn-nhncommerce.com/nutri2tr3071_godomall_com/data/goods/14/01/16/1000000087/1000000087_main_063.jpg
솔가 에스터C 플러스 1000mg 90정,"22,800",https://cdn-pro-web-220-151.cdn-nhncommerce.com/nutri2tr3071_godomall_com/data/goods/15/06/19/1000000634/1000000634_main_011.jpg
네이처스웨이 얼라이브 맥스3 멀티비타민 180정,"49,600",https://cdn-pro-web-220-151.cdn-nhncommerce.com/nutri2tr3071_godomall_com/data/goods/14/11/26/1000000265/1000000265_main_084.jpg
YS에코비팜 프로폴리스 & 허브 스프레이 1 fl oz (30 ml),"17,400",https://cdn-pro-web-220-151.cdn-nhncommerce.com/nutri2tr3071_godomall_com/data/goods/17/10/43/1000001851/1000001851_main_012.jpg
나우푸드 유기농 스피루리나 500mg 500정,"29,600",https://cdn-pro-web-220-151.cdn-nhncommerce.com/nutri2tr3071_godomall_com/data/goods/15/07/06/1000000781/1000000781_main_013.jpg
솔가 이스트 프리 셀레늄 100mcg 100정,"13,800",https://cdn-pro-web-220-151.cdn-nhncommerce.com/nutri2tr3071_godomall_com/data/goods/15/06/09/1000000496/1000000496_main_09.jpg
자로우 도필러스 EPS 250억 프로바이오틱스 30캡슐,"33,200",https://cdn-pro-web-220-151.cdn-nhncommerce.com/nutri2tr3071_godomall_com/data/goods/14/09/19/1000000223/1000000223_main_020.jpg
뉴트렉스 퓨어 하와이안 스피루리나 500mg 400정,"37,800",https://cdn-pro-web-220-151.cdn-nhncommerce.com/nutri2tr3071_godomall_com/data/goods/14/06/12/1000000164/1000000164_main_013.jpg
가든오브라이프 비타민코드 비타민C 120식물성캡슐,"41,700",https://cdn-pro-web-220-151.cdn-nhncommerce.com/nutri2tr3071_godomall_com/data/goods/15/06/15/1000000580/1000000580_main_024.jpg
네이처스웨이 얼라이브 여성 멀티비타민 90정,"31,800",https://cdn-pro-web-220-151.cdn-nhncommerce.com/nutri2tr3071_godomall_com/data/goods/15/01/22/1000000305/1000000305_main_075.jpg
네이처스웨이 달맞이꽃 1300mg 120소프트젤,"32,400",https://cdn-pro-web-220-151.cdn-nhncommerce.com/nutri2tr3071_godomall_com/data/goods/18/08/34/1000001997/1000001997_main_071.jpg
네이처스웨이 레드 클로버 블로썸 허브 400mg 100캡슐,"11,500",https://cdn-pro-web-220-151.cdn-nhncommerce.com/nutri2tr3071_godomall_com/data/goods/15/02/06/1000000330/1000000330_main_039.jpg
노르딕내추럴스 오메가 우먼 달맞이꽃 오일 레몬맛 120 소프트젤,"33,500",https://cdn-pro-web-220-151.cdn-nhncommerce.com/nutri2tr3071_godomall_com/data/goods/16/05/10/1000001230/1000001230_main_061.jpg
컨트리라이프 달맞이꽃 오일 500mg 60소프트겔,"14,600",https://cdn-pro-web-220-151.cdn-nhncommerce.com/nutri2tr3071_godomall_com/data/goods/15/06/01/1000000416/1000000416_main_044.jpg
네이처스웨이 포티 루트 적하수오 610mg 100 캡슐,"12,800",https://cdn-pro-web-220-151.cdn-nhncommerce.com/nutri2tr3071_godomall_com/data/goods/15/02/09/1000000338/1000000338_main_028.jpg
마이카인드 오가닉 플랜트 칼슘 180정,"79,500",https://cdn-pro-web-220-151.cdn-nhncommerce.com/nutri2tr3071_godomall_com/data/goods/20/11/47//1000002740/1000002740_main_019.jpg
네이처스웨이 DIM 플러스 에스트로겐 물질대사 포뮬라 120캡슐,"48,400",https://cdn-pro-web-220-151.cdn-nhncommerce.com/nutri2tr3071_godomall_com/data/goods/24/05/21/1000003042/1000000331_main_060.jpg
블루보넷 바이텍스 베리 추출물 60베지캡슐,"16,500",https://cdn-pro-web-220-151.cdn-nhncommerce.com/nutri2tr3071_godomall_com/data/goods/21/01/01//1000002764/1000002764_main_050.jpg
나우푸드 콜린 이노시톨 250/250mg 100캡슐,"12,800",https://cdn-pro-web-220-151.cdn-nhncommerce.com/nutri2tr3071_godomall_com/data/goods/21/06/23/1000002863/1000002863_main_038.jpg
마이카인드 오가닉 플랜트 칼슘 90정,"39,800",https://cdn-pro-web-220-151.cdn-nhncommerce.com/nutri2tr3071_godomall_com/data/goods/23/02/07/1000002975/1000002740_main_030.jpg
