새 열 0,새 열 1,새 열 2 Src
라이프익스텐션 투퍼데이 멀티비타민 120정,"28,900",https://cdn-pro-web-220-151.cdn-nhncommerce.com/nutri2tr3071_godomall_com/data/goods/21/03/09/1000002782/1000002782_main_067.jpg
네이처스웨이 얼라이브 원스 데일리 남성 멀티비타민 60정,"24,800",https://cdn-pro-web-220-151.cdn-nhncommerce.com/nutri2tr3071_godomall_com/data/goods/14/01/16/1000000085/1000000085_main_017.jpg
"솔가 맥주효모 7 1,2 그레인 위드 비타민 B12 250정","19,800",https://cdn-pro-web-220-151.cdn-nhncommerce.com/nutri2tr3071_godomall_com/data/goods/15/03/03/1000000350/1000000350_main_047.jpg
라이프익스텐션 투퍼데이 멀티비타민 120캡슐,"28,900",https://cdn-pro-web-220-151.cdn-nhncommerce.com/nutri2tr3071_godomall_com/data/goods/21/03/09/1000002781/1000002781_main_019.jpg
네이처스웨이 얼라이브 맥스3 멀티비타민 180정,"49,600",https://cdn-pro-web-220-151.cdn-nhncommerce.com/nutri2tr3071_godomall_com/data/goods/14/11/26/1000000265/1000000265_main_084.jpg
네이처스웨이 얼라이브 남성 멀티비타민 90정,"27,500",https://cdn-pro-web-220-151.cdn-nhncommerce.com/nutri2tr3071_godomall_com/data/goods/14/01/16/1000000084/1000000084_main_058.jpg
솔가 비타민B 컴플렉스 100mg 100정,"23,500",https://cdn-pro-web-220-151.cdn-nhncommerce.com/nutri2tr3071_godomall_com/data/goods/15/06/10/1000000529/1000000529_main_032.jpg
닥터스베스트 멀티비타민 90베지 캡슐,"36,500",https://cdn-pro-web-220-151.cdn-nhncommerce.com/nutri2tr3071_godomall_com/data/goods/21/04/14/1000002812/1000002812_main_092.jpg
솔가 맥주효모+비오틴 5000mcg,"39,600",https://cdn-pro-web-220-151.cdn-nhncommerce.com/nutri2tr3071_godomall_com/data/goods/20/07/31/1000002207/1000002207_main_028.jpg
"블루보넷 뷰티풀 앨리 비오틴 10,000mcg 90캡슐","18,300",https://cdn-pro-web-220-151.cdn-nhncommerce.com/nutri2tr3071_godomall_com/data/goods/18/06/26/1000001957/1000001957_main_081.jpg
나우푸드 L-아르기닌 1000mg 120정 3병 세트,"59,400",https://cdn-pro-web-220-151.cdn-nhncommerce.com/nutri2tr3071_godomall_com/data/goods/16/02/16/1000001078/1000001078_main_061.jpg
솔가 오메가3 EPA DHA 950mg 100소프트젤,"38,800",https://cdn-pro-web-220-151.cdn-nhncommerce.com/nutri2tr3071_godomall_com/data/goods/14/06/20/1000000176/1000000176_main_010.jpg
솔가 폴리코사놀 20mg 100캡슐,"29,500",https://cdn-pro-web-220-151.cdn-nhncommerce.com/nutri2tr3071_godomall_com/data/goods/14/06/20/1000000178/1000000178_main_045.jpg
솔가 식물성 코큐텐 200mg 60캡슐,"49,800",https://cdn-pro-web-220-151.cdn-nhncommerce.com/nutri2tr3071_godomall_com/data/goods/15/06/09/1000000480/1000000480_main_041.jpg
노르딕내추럴스 얼티메이트 오메가3 레몬향 60소프트젤,"31,600",https://cdn-pro-web-220-151.cdn-nhncommerce.com/nutri2tr3071_godomall_com/data/goods/13/10/25/1000000034/1000000034_main_016.jpg
블루보넷 버퍼드 킬레이트 마그네슘 120베지캡슐,"46,800",https://cdn-pro-web-220-151.cdn-nhncommerce.com/nutri2tr3071_godomall_com/data/goods/21/01/01//1000002763/1000002763_main_032.jpg
노르딕내추럴스 오메가3 레몬향 180 소프트젤,"45,000",https://cdn-pro-web-220-151.cdn-nhncommerce.com/nutri2tr3071_godomall_com/data/goods/15/09/17/1000000965/1000000965_main_010.jpg
솔가 EFA 1300mg 오메가 3 6 9 120소프트젤,"36,800",https://cdn-pro-web-220-151.cdn-nhncommerce.com/nutri2tr3071_godomall_com/data/goods/15/09/08/1000000867/1000000867_main_091.jpg
솔가 오메가3 피쉬오일 콘센트레이트 240소프트젤,"20,070",https://cdn-pro-web-220-151.cdn-nhncommerce.com/nutri2tr3071_godomall_com/data/goods/14/06/20/1000000175/1000000175_main_01.jpg
노르딕내추럴스 얼티메이트 오메가 코큐텐 60 소프트젤,"39,800",https://cdn-pro-web-220-151.cdn-nhncommerce.com/nutri2tr3071_godomall_com/data/goods/15/09/17/1000000969/1000000969_main_099.jpg
"솔가 L-아르기닌 1,000mg 90정","24,600",https://cdn-pro-web-220-151.cdn-nhncommerce.com/nutri2tr3071_godomall_com/data/goods/16/04/26/1000001175/1000001175_main_015.jpg
네이처스웨이 밀크씨슬 120캡슐,"33,600",https://cdn-pro-web-220-151.cdn-nhncommerce.com/nutri2tr3071_godomall_com/data/goods/14/03/27/1000000156/1000000156_main_027.jpg
솔가 B 컴플렉스 위드 비타민 C 스트레스포뮬러 250정 3병세트,"95,400",https://cdn-pro-web-220-151.cdn-nhncommerce.com/nutri2tr3071_godomall_com/data/goods/16/08/04/1000001408/1000001408_main_090.jpg
메가푸드 밸런스 B컴플렉스 60정,"34,000",https://cdn-pro-web-220-151.cdn-nhncommerce.com/nutri2tr3071_godomall_com/data/goods/14/03/27/1000000137/1000000137_main_028.jpg
가든오브라이프 비타민코드 B콤플렉스 60베지캡슐,"27,800",https://cdn-pro-web-220-151.cdn-nhncommerce.com/nutri2tr3071_godomall_com/data/goods/16/01/12/1000001069/1000001069_main_09.jpg
블루보넷 구연산 칼슘 마그네슘 비타민 D3 180정,"34,800",https://cdn-pro-web-220-151.cdn-nhncommerce.com/nutri2tr3071_godomall_com/data/goods/21/01/01//1000002755/1000002755_main_072.jpg
[유통기한임박상품] 자로우 밀크씨슬 150mg 100캡슐,"7,120",https://cdn-pro-web-220-151.cdn-nhncommerce.com/nutri2tr3071_godomall_com/data/goods/15/08/17/1000000834/1000000834_main_048.jpg
나우푸드 L-트립토판 1000mg 60정,"31,500",https://cdn-pro-web-220-151.cdn-nhncommerce.com/nutri2tr3071_godomall_com/data/goods/21/08/33/1000002901/1000002901_main_075.jpg
네이처스웨이 밀크씨슬 120캡슐 3병세트,"99,000",https://cdn-pro-web-220-151.cdn-nhncommerce.com/nutri2tr3071_godomall_com/data/goods/20/02/07/1000002196/1000002196_main_07.jpg
솔가 메가솔브 비타민B 컴플렉스 50mg 100정,"21,800",https://cdn-pro-web-220-151.cdn-nhncommerce.com/nutri2tr3071_godomall_com/data/goods/23/12/49/1000003011/1000003011_main_075.jpg
블루보넷 구연산 칼슘 마그네슘 비타민 D3 90정,"18,900",https://cdn-pro-web-220-151.cdn-nhncommerce.com/nutri2tr3071_godomall_com/data/goods/21/01/01//1000002756/1000002756_main_055.jpg
솔가 비타민B 컴플렉스 100mg 250캡슐,"49,800",https://cdn-pro-web-220-151.cdn-nhncommerce.com/nutri2tr3071_godomall_com/data/goods/16/04/26/1000001172/1000001172_main_051.jpg
솔가 오메가3 EPA DHA 950mg 100소프트젤,"38,800",https://cdn-pro-web-220-151.cdn-nhncommerce.com/nutri2tr3071_godomall_com/data/goods/14/06/20/1000000176/1000000176_main_010.jpg
솔가 폴리코사놀 20mg 100캡슐,"29,500",https://cdn-pro-web-220-151.cdn-nhncommerce.com/nutri2tr3071_godomall_com/data/goods/14/06/20/1000000178/1000000178_main_045.jpg
솔가 식물성 코큐텐 200mg 60캡슐,"49,800",https://cdn-pro-web-220-151.cdn-nhncommerce.com/nutri2tr3071_godomall_com/data/goods/15/06/09/1000000480/1000000480_main_041.jpg
노르딕내추럴스 얼티메이트 오메가3 레몬향 60소프트젤,"31,600",https://cdn-pro-web-220-151.cdn-nhncommerce.com/nutri2tr3071_godomall_com/data/goods/13/10/25/1000000034/1000000034_main_016.jpg
블루보넷 버퍼드 킬레이트 마그네슘 120베지캡슐,"46,800",https://cdn-pro-web-220-151.cdn-nhncommerce.com/nutri2tr3071_godomall_com/data/goods/21/01/01//1000002763/1000002763_main_032.jpg
노르딕내추럴스 오메가3 레몬향 180 소프트젤,"45,000",https://cdn-pro-web-220-151.cdn-nhncommerce.com/nutri2tr3071_godomall_com/data/goods/15/09/17/1000000965/1000000965_main_010.jpg
솔가 EFA 1300mg 오메가 3 6 9 120소프트젤,"36,800",https://cdn-pro-web-220-151.cdn-nhncommerce.com/nutri2tr3071_godomall_com/data/goods/15/09/08/1000000867/1000000867_main_091.jpg
솔가 오메가3 피쉬오일 콘센트레이트 240소프트젤,"20,070",https://cdn-pro-web-220-151.cdn-nhncommerce.com/nutri2tr3071_godomall_com/data/goods/14/06/20/1000000175/1000000175_main_01.jpg
노르딕내추럴스 얼티메이트 오메가 코큐텐 60 소프트젤,"39,800",https://cdn-pro-web-220-151.cdn-nhncommerce.com/nutri2tr3071_godomall_com/data/goods/15/09/17/1000000969/1000000969_main_099.jpg
"솔가 L-아르기닌 1,000mg 90정","24,600",https://cdn-pro-web-220-151.cdn-nhncommerce.com/nutri2tr3071_godomall_com/data/goods/16/04/26/1000001175/1000001175_main_015.jpg
노르딕내추럴스 얼티메이트 오메가 2X 레몬향 2150mg 120 소프트젤,"93,200",https://cdn-pro-web-220-151.cdn-nhncommerce.com/nutri2tr3071_godomall_com/data/goods/18/10/44/1000002060/1000002060_main_03.jpg
나우푸드 실리마린 밀크씨슬 300mg 200 캡슐 2병세트,"61,800",https://cdn-pro-web-220-151.cdn-nhncommerce.com/nutri2tr3071_godomall_com/data/goods/17/09/20/1000001668/1000001668_main_055.jpg
나우푸드 실리마린 밀크씨슬 300mg 200 캡슐,"30,900",https://cdn-pro-web-220-151.cdn-nhncommerce.com/nutri2tr3071_godomall_com/data/goods/15/09/16/1000000897/1000000897_main_077.jpg
네이처스웨이 밀크씨슬 120캡슐,"33,600",https://cdn-pro-web-220-151.cdn-nhncommerce.com/nutri2tr3071_godomall_com/data/goods/14/03/27/1000000156/1000000156_main_027.jpg
[유통기한임박상품] 자로우 밀크씨슬 150mg 100캡슐,"7,120",https://cdn-pro-web-220-151.cdn-nhncommerce.com/nutri2tr3071_godomall_com/data/goods/15/08/17/1000000834/1000000834_main_048.jpg
솔가 이노시톨 500mg 100 베지캡,"20,800",https://cdn-pro-web-220-151.cdn-nhncommerce.com/nutri2tr3071_godomall_com/data/goods/15/06/10/1000000551/1000000551_main_063.jpg
블루보넷 타겟 초이스 리버 디톡스 60식물성캡슐,"39,600",https://cdn-pro-web-220-151.cdn-nhncommerce.com/nutri2tr3071_godomall_com/data/goods/18/06/26/1000001958/1000001958_main_015.jpg
컨트리라이프 리버 서포트 팩터 100베지캡슐 (메티오닌 밀크시슬 아티초크),"48,700",https://cdn-pro-web-220-151.cdn-nhncommerce.com/nutri2tr3071_godomall_com/data/goods/15/05/28/1000000385/1000000385_main_089.jpg
네이처스웨이 켈프 600mg 180캡슐,"15,800",https://cdn-pro-web-220-151.cdn-nhncommerce.com/nutri2tr3071_godomall_com/data/goods/13/10/29/1000000065/1000000065_main_098.jpg
블루보넷 타이로이드 부스터 60식물성캡슐,"24,100",https://cdn-pro-web-220-151.cdn-nhncommerce.com/nutri2tr3071_godomall_com/data/goods/19/04/14//1000002152/1000002152_main_015.jpg
