이미지,상품명,가격
https://cdn-pro-web-220-151.cdn-nhncommerce.com/nutri2tr3071_godomall_com/data/goods/15/06/09/1000000480/1000000480_main_041.jpg,솔가 식물성 코큐텐 200mg 60캡슐,"49,800"
https://cdn-pro-web-220-151.cdn-nhncommerce.com/nutri2tr3071_godomall_com/data/goods/15/09/08/1000000866/1000000866_main_062.png,솔가 메가솔브 코큐텐 100mg 60소프트젤,"31,500"
https://cdn-pro-web-220-151.cdn-nhncommerce.com/nutri2tr3071_godomall_com/data/goods/15/09/17/1000000969/1000000969_main_099.jpg,노르딕내추럴스 얼티메이트 오메가 코큐텐 60 소프트젤,"39,800"
https://cdn-pro-web-220-151.cdn-nhncommerce.com/nutri2tr3071_godomall_com/data/goods/15/09/16/1000000927/1000000927_main_095.jpg,나우푸드 코큐텐 코엔자임 200mg 60베지캡슐,"33,400"
https://cdn-pro-web-220-151.cdn-nhncommerce.com/nutri2tr3071_godomall_com/data/goods/18/06/26/1000001960/1000001960_main_061.jpg,블루보넷 타겟 초이스 블러드 프레셔 90식물성캡슐,"41,100"
https://cdn-pro-web-220-151.cdn-nhncommerce.com/nutri2tr3071_godomall_com/data/goods/18/04/15/1000001914/1000001914_main_047.jpg,블루보넷 코큐텐 200mg 60소프트젤,"43,600"
https://cdn-pro-web-220-151.cdn-nhncommerce.com/nutri2tr3071_godomall_com/data/goods/14/03/27/1000000120/1000000120_main_065.jpg,가든오브라이프 코큐텐 200mg 60캡슐,"62,400"
https://cdn-pro-web-220-151.cdn-nhncommerce.com/nutri2tr3071_godomall_com/data/goods/15/06/01/1000000413/1000000413_main_059.jpg,컨트리라이프 코큐텐 100mg 60캡슐,"35,800"
https://cdn-pro-web-220-151.cdn-nhncommerce.com/nutri2tr3071_godomall_com/data/goods/15/09/16/1000000917/1000000917_main_034.jpg,나우푸드 코큐텐 60mg 180캡슐,"34,200"
https://cdn-pro-web-220-151.cdn-nhncommerce.com/nutri2tr3071_godomall_com/data/goods/15/06/01/1000000412/1000000412_main_049.jpg,컨트리라이프 코큐텐 100mg 30캡슐,"21,500"
https://cdn-pro-web-220-151.cdn-nhncommerce.com/nutri2tr3071_godomall_com/data/goods/23/11/48/1000003006/1000003006_main_02.jpg,어메이징포뮬라 베르베린 1000mg 120캡슐,"37,500"
https://cdn-pro-web-220-151.cdn-nhncommerce.com/nutri2tr3071_godomall_com/data/goods/15/09/16/1000000932/1000000932_main_053.jpg,나우푸드 코큐텐 100mg 호손베리 함유 180베지캡슐,"50,500"
https://cdn-pro-web-220-151.cdn-nhncommerce.com/nutri2tr3071_godomall_com/data/goods/21/06/25/1000002884/1000002884_main_032.jpg,솔가 유비퀴놀 100mg 50소프트젤,"31,000"
https://cdn-pro-web-220-151.cdn-nhncommerce.com/nutri2tr3071_godomall_com/data/goods/16/04/26/1000001162/1479107671688s0.jpg,자로우 코엔자임 Q10 100mg 120소프트젤,"47,000"
https://cdn-pro-web-220-151.cdn-nhncommerce.com/nutri2tr3071_godomall_com/data/goods/15/09/16/1000000925/1000000925_main_021.jpg,나우푸드 코큐텐 60mg 위드 오메가3 피쉬오일 120소프트젤,"24,300"
https://cdn-pro-web-220-151.cdn-nhncommerce.com/nutri2tr3071_godomall_com/data/goods/16/08/04/1000001414/1000001414_main_032.jpg,솔가 코큐텐 200mg 60소프트젤 3병세트,"89,100"
https://cdn-pro-web-220-151.cdn-nhncommerce.com/nutri2tr3071_godomall_com/data/goods/15/06/09/1000000486/1000000486_main_082.jpg,솔가 메가솔브 코큐텐 200mg 60소프트젤,"39,800"
https://cdn-pro-web-220-151.cdn-nhncommerce.com/nutri2tr3071_godomall_com/data/goods/16/06/22/1000001288/1000001288_main_081.jpg,노르딕내추럴스 얼티메이트 오메가 코큐텐 60 소프트젤 2병 세트,"79,000"
https://cdn-pro-web-220-151.cdn-nhncommerce.com/nutri2tr3071_godomall_com/data/goods/15/06/09/1000000479/1000000479_main_08.jpg,솔가 식물성 코큐텐 200mg 30캡슐,"29,500"
https://cdn-pro-web-220-151.cdn-nhncommerce.com/nutri2tr3071_godomall_com/data/goods/16/08/04/1000001416/1498444399952s0.jpg,솔가 식물성 코큐텐 120mg 30캡슐 3병세트,"47,400"
https://cdn-pro-web-220-151.cdn-nhncommerce.com/nutri2tr3071_godomall_com/data/goods/15/09/08/1000000873/1441679198733s0.jpg,솔가 식물성 코큐텐 120mg 30캡슐,"15,800"
