https://cdn-pro-web-220-151.cdn-nhncommerce.com/nutri2tr3071_godomall_com/data/goods/14/06/19/1000000168/1000000168_main_049.jpg,솔가 에스터C 플러스 1000mg 180정,"40,800"
https://cdn-pro-web-220-151.cdn-nhncommerce.com/nutri2tr3071_godomall_com/data/goods/17/09/20/1000001668/1000001668_main_055.jpg,나우푸드 실리마린 밀크씨슬 300mg 200 캡슐 2병세트,"61,800"
https://cdn-pro-web-220-151.cdn-nhncommerce.com/nutri2tr3071_godomall_com/data/goods/15/09/16/1000000897/1000000897_main_077.jpg,나우푸드 실리마린 밀크씨슬 300mg 200 캡슐,"30,900"
https://cdn-pro-web-220-151.cdn-nhncommerce.com/nutri2tr3071_godomall_com/data/goods/14/06/20/1000000170/1000000170_main_011.jpg,솔가 B 컴플렉스 위드 비타민 C 스트레스포뮬러 250정,"31,800"
https://cdn-pro-web-220-151.cdn-nhncommerce.com/nutri2tr3071_godomall_com/data/goods/21/03/09/1000002781/1000002781_main_019.jpg,라이프익스텐션 투퍼데이 멀티비타민 120캡슐,"28,900"
https://cdn-pro-web-220-151.cdn-nhncommerce.com/nutri2tr3071_godomall_com/data/goods/16/08/04/1000001413/1000001413_main_06.jpg,나우푸드 실리마린 밀크씨슬 300mg 200 캡슐 3병세트,"92,700"
https://cdn-pro-web-220-151.cdn-nhncommerce.com/nutri2tr3071_godomall_com/data/goods/21/02/07/1000002770/1000002770_main_075.jpg,블루보넷 킬레이트 마그네슘 60캡슐,"20,800"
https://cdn-pro-web-220-151.cdn-nhncommerce.com/nutri2tr3071_godomall_com/data/goods/18/04/15/1000001917/1000001917_main_027.jpg,블루보넷 L-아르기닌 1000mg 100정,"23,900"
https://cdn-pro-web-220-151.cdn-nhncommerce.com/nutri2tr3071_godomall_com/data/goods/16/08/04/1000001408/1000001408_main_090.jpg,솔가 B 컴플렉스 위드 비타민 C 스트레스포뮬러 250정 3병세트,"95,400"
https://cdn-pro-web-220-151.cdn-nhncommerce.com/nutri2tr3071_godomall_com/data/goods/14/03/27/1000000137/1000000137_main_028.jpg,메가푸드 밸런스 B컴플렉스 60정,"34,000"
https://cdn-pro-web-220-151.cdn-nhncommerce.com/nutri2tr3071_godomall_com/data/goods/19/07/27//1000002157/1000002157_main_01.jpg,[유통기한임박상품] 레인보우라이트 우먼즈 원 멀티비타민 120정,"26,460"
https://cdn-pro-web-220-151.cdn-nhncommerce.com/nutri2tr3071_godomall_com/data/goods/16/01/12/1000001069/1000001069_main_09.jpg,가든오브라이프 비타민코드 B콤플렉스 60베지캡슐,"27,800"
https://cdn-pro-web-220-151.cdn-nhncommerce.com/nutri2tr3071_godomall_com/data/goods/18/04/15/1000001922/1000001922_main_042.jpg,블루보넷 레인포레스트 애니멀 Z 홀푸드 멀티비타민 180츄어블,"32,800"
https://cdn-pro-web-220-151.cdn-nhncommerce.com/nutri2tr3071_godomall_com/data/goods/21/01/01//1000002755/1000002755_main_072.jpg,블루보넷 구연산 칼슘 마그네슘 비타민 D3 180정,"34,800"
https://cdn-pro-web-220-151.cdn-nhncommerce.com/nutri2tr3071_godomall_com/data/goods/15/07/06/1000000768/1000000768_main_012.jpg,나우푸드 무취 마늘영양제 250소프트젤,"19,700"
https://cdn-pro-web-220-151.cdn-nhncommerce.com/nutri2tr3071_godomall_com/data/goods/21/03/13/1000002799/1000002799_main_020.jpg,나우푸드 비타민 D3 2000IU 240소프트젤,"18,900"
https://cdn-pro-web-220-151.cdn-nhncommerce.com/nutri2tr3071_godomall_com/data/goods/19/07/27//1000002158/1000002158_main_012.jpg,레인보우라이트 프리네이탈 임산부 멀티비타민 120정,"35,500"
https://cdn-pro-web-220-151.cdn-nhncommerce.com/nutri2tr3071_godomall_com/data/goods/19/01/05//1000002116/1000002116_main_053.jpg,메가푸드 비타민 B12 에너지 크랜베리 90 구미,"24,900"
https://cdn-pro-web-220-151.cdn-nhncommerce.com/nutri2tr3071_godomall_com/data/goods/17/02/14/1000001630/1000001630_main_034.jpg,뉴트렉스 하와이안 아스타잔틴 4mg 120식물성소프트젤,"45,900"
https://cdn-pro-web-220-151.cdn-nhncommerce.com/nutri2tr3071_godomall_com/data/goods/21/03/13/1000002800/1000002800_main_053.jpg,나우푸드 비타민 D3 5000IU 120소프트젤,"13,500"
https://cdn-pro-web-220-151.cdn-nhncommerce.com/nutri2tr3071_godomall_com/data/goods/21/03/13/1000002801/1000002801_main_088.jpg,나우푸드 비타민 D3 5000IU 240소프트젤,"24,500"
https://cdn-pro-web-220-151.cdn-nhncommerce.com/nutri2tr3071_godomall_com/data/goods/16/03/18/1000001086/1000001086_main_052.jpg,[과다재고] 나우푸드 완두콩 단백질 파우더 무향 340g,"9,630"
https://cdn-pro-web-220-151.cdn-nhncommerce.com/nutri2tr3071_godomall_com/data/goods/21/08/33/1000002901/1000002901_main_075.jpg,나우푸드 L-트립토판 1000mg 60정,"31,500"
https://cdn-pro-web-220-151.cdn-nhncommerce.com/nutri2tr3071_godomall_com/data/goods/21/01/01//1000002757/1000002757_main_036.jpg,블루보넷 레인포레스트 애니멀 Z 칼슘 마그네슘 비타민 D3 바닐라향 90츄어블,"14,800"
