상품명,가격,이미지
솔가 B 컴플렉스 위드 비타민 C 스트레스포뮬러 250정,"31,800",https://cdn-pro-web-220-151.cdn-nhncommerce.com/nutri2tr3071_godomall_com/data/goods/14/06/20/1000000170/1000000170_main_011.jpg
블루보넷 킬레이트 칼슘 마그네슘 120정,"39,800",https://cdn-pro-web-220-151.cdn-nhncommerce.com/nutri2tr3071_godomall_com/data/goods/21/02/07/1000002771/1000002771_main_046.jpg
블루보넷 킬레이트 마그네슘 60캡슐,"20,800",https://cdn-pro-web-220-151.cdn-nhncommerce.com/nutri2tr3071_godomall_com/data/goods/21/02/07/1000002770/1000002770_main_075.jpg
솔가 B 컴플렉스 위드 비타민 C 스트레스포뮬러 250정 3병세트,"95,400",https://cdn-pro-web-220-151.cdn-nhncommerce.com/nutri2tr3071_godomall_com/data/goods/16/08/04/1000001408/1000001408_main_090.jpg
메가푸드 밸런스 B컴플렉스 60정,"34,000",https://cdn-pro-web-220-151.cdn-nhncommerce.com/nutri2tr3071_godomall_com/data/goods/14/03/27/1000000137/1000000137_main_028.jpg
가든오브라이프 비타민코드 B콤플렉스 60베지캡슐,"27,800",https://cdn-pro-web-220-151.cdn-nhncommerce.com/nutri2tr3071_godomall_com/data/goods/16/01/12/1000001069/1000001069_main_09.jpg
네이처스웨이 멜리사 레몬밤 리프 1500mg 100베지캡슐,"8,700",https://cdn-pro-web-220-151.cdn-nhncommerce.com/nutri2tr3071_godomall_com/data/goods/19/02/07//1000002124/1000002124_main_043.jpg
블루보넷 타겟 초이스 스트레스 릴리프 60식물성캡슐,"34,800",https://cdn-pro-web-220-151.cdn-nhncommerce.com/nutri2tr3071_godomall_com/data/goods/18/06/26/1000001959/1000001959_main_091.jpg
네이처스웨이 100% 코코넛 MCT 오일 474ml (16 fl oz),"22,500",https://cdn-pro-web-220-151.cdn-nhncommerce.com/nutri2tr3071_godomall_com/data/goods/18/07/30/1000001975/1000001975_main_076.jpg
나우푸드 비타민 D3 2000IU 240소프트젤,"18,900",https://cdn-pro-web-220-151.cdn-nhncommerce.com/nutri2tr3071_godomall_com/data/goods/21/03/13/1000002799/1000002799_main_020.jpg
나우푸드 오가닉 슈퍼프루트 노니주스 946ml (32 fl oz),"19,500",https://cdn-pro-web-220-151.cdn-nhncommerce.com/nutri2tr3071_godomall_com/data/goods/18/06/23/1000001951/1000001951_main_048.jpg
나우푸드 비타민 D3 5000IU 120소프트젤,"13,500",https://cdn-pro-web-220-151.cdn-nhncommerce.com/nutri2tr3071_godomall_com/data/goods/21/03/13/1000002800/1000002800_main_053.jpg
나우푸드 비타민 D3 5000IU 240소프트젤,"24,500",https://cdn-pro-web-220-151.cdn-nhncommerce.com/nutri2tr3071_godomall_com/data/goods/21/03/13/1000002801/1000002801_main_088.jpg
블루보넷 킬레이트 미네랄 120정,"32,600",https://cdn-pro-web-220-151.cdn-nhncommerce.com/nutri2tr3071_godomall_com/data/goods/21/01/01//1000002761/1000002761_main_050.jpg
나우푸드 L-트립토판 1000mg 60정,"31,500",https://cdn-pro-web-220-151.cdn-nhncommerce.com/nutri2tr3071_godomall_com/data/goods/21/08/33/1000002901/1000002901_main_075.jpg
나우푸드 L-트립토판 500mg 120베지캡슐,"32,600",https://cdn-pro-web-220-151.cdn-nhncommerce.com/nutri2tr3071_godomall_com/data/goods/15/07/03/1000000707/1000000707_main_043.jpg
"나우푸드 비타민 D3 10,000IU 240소프트젤","28,800",https://cdn-pro-web-220-151.cdn-nhncommerce.com/nutri2tr3071_godomall_com/data/goods/21/03/13/1000002803/1000002803_main_090.jpg
나우푸드 비타민 D3 2000IU 120소프트젤,"9,800",https://cdn-pro-web-220-151.cdn-nhncommerce.com/nutri2tr3071_godomall_com/data/goods/21/03/13/1000002798/1000002798_main_031.jpg
자로우포뮬라 판토텐산 애시드 B5 500mg 100캡슐,"14,800",https://cdn-pro-web-220-151.cdn-nhncommerce.com/nutri2tr3071_godomall_com/data/goods/21/03/10/1000002787/1000002787_main_012.jpg
나우푸드 아슈와간다 450mg 90캡슐,"17,800",https://cdn-pro-web-220-151.cdn-nhncommerce.com/nutri2tr3071_godomall_com/data/goods/15/09/16/1000000943/1000000943_main_044.jpg
솔가 메가솔브 비타민B 컴플렉스 50mg 100정,"21,800",https://cdn-pro-web-220-151.cdn-nhncommerce.com/nutri2tr3071_godomall_com/data/goods/23/12/49/1000003011/1000003011_main_075.jpg
라이프익스텐션 슈퍼 바이오 커큐민 60베지캡슐,"28,500",https://cdn-pro-web-220-151.cdn-nhncommerce.com/nutri2tr3071_godomall_com/data/goods/24/08/32/1000003047/1000003047_main_016.jpg
소스내추럴스 L-트립토판 500mg 120정,"26,500",https://cdn-pro-web-220-151.cdn-nhncommerce.com/nutri2tr3071_godomall_com/data/goods/21/08/31/1000002898/1000002898_main_075.jpg
나우푸드 콜린 이노시톨 250/250mg 100캡슐,"12,800",https://cdn-pro-web-220-151.cdn-nhncommerce.com/nutri2tr3071_godomall_com/data/goods/21/06/23/1000002863/1000002863_main_038.jpg
